Title,Media URL,Pinterest board,Thumbnail,Description,Link,Publish date,Keywords,Local file
Lisboa em Aguarela — Posters e T-shirts — Lisboa em Aguarela,,Cafe Lisboa,,"Lisboa e o Café. Souvenirs únicos de Lisboa com aguarela e azulejos portugueses. Para amantes de café, viagens e cultura lusa. Presente especial para turistas e expatriados. Loja PrintHouseLX no Etsy.",https://www.etsy.com/shop/PrintHouseLX,,"lisboa, portugal souvenir, café, azulejos, aguarela, presente lisboa, poster lisboa, t-shirt lisboa, turismo portugal",pin-cafe-lisboa-01.jpg
Lisboa em Aguarela — Posters e T-shirts — Para Quem Ama Café e Lisboa,,Cafe Lisboa,,"Aroma de Lisboa. Souvenirs únicos de Lisboa com aguarela e azulejos portugueses. Para amantes de café, viagens e cultura lusa. Presente especial para turistas e expatriados. Loja PrintHouseLX no Etsy.",https://www.etsy.com/shop/PrintHouseLX,,"lisboa, portugal souvenir, café, azulejos, aguarela, presente lisboa, poster lisboa, t-shirt lisboa, turismo portugal",pin-cafe-lisboa-02.jpg
Lisboa em Aguarela — Posters e T-shirts — Souvenir Diferente de Portugal,,Cafe Lisboa,,"Café com Saudade. Souvenirs únicos de Lisboa com aguarela e azulejos portugueses. Para amantes de café, viagens e cultura lusa. Presente especial para turistas e expatriados. Loja PrintHouseLX no Etsy.",https://www.etsy.com/shop/PrintHouseLX,,"lisboa, portugal souvenir, café, azulejos, aguarela, presente lisboa, poster lisboa, t-shirt lisboa, turismo portugal",pin-cafe-lisboa-03.jpg
Lisboa em Aguarela — Posters e T-shirts — Azulejos em T-shirt e Poster,,Cafe Lisboa,,"Café e Azulejos. Souvenirs únicos de Lisboa com aguarela e azulejos portugueses. Para amantes de café, viagens e cultura lusa. Presente especial para turistas e expatriados. Loja PrintHouseLX no Etsy.",https://www.etsy.com/shop/PrintHouseLX,,"lisboa, portugal souvenir, café, azulejos, aguarela, presente lisboa, poster lisboa, t-shirt lisboa, turismo portugal",pin-cafe-lisboa-04.jpg
Lisboa em Aguarela — Posters e T-shirts — Lisboa no Estilo,,Cafe Lisboa,,"Café e Pastéis. Souvenirs únicos de Lisboa com aguarela e azulejos portugueses. Para amantes de café, viagens e cultura lusa. Presente especial para turistas e expatriados. Loja PrintHouseLX no Etsy.",https://www.etsy.com/shop/PrintHouseLX,,"lisboa, portugal souvenir, café, azulejos, aguarela, presente lisboa, poster lisboa, t-shirt lisboa, turismo portugal",pin-cafe-lisboa-05.jpg
 — Despedida de Solteira em Estilo,,Casamento Pt,,Team Noiva para Sempre. ,https://www.etsy.com/shop/PrintHouseLX,,,pin-casamento-pt-01.jpg
 — Team Noiva Inesquecível,,Casamento Pt,,Madrinha do Ano. ,https://www.etsy.com/shop/PrintHouseLX,,,pin-casamento-pt-02.jpg
 — Casamento dos Sonhos Comeca Aqui,,Casamento Pt,,Senhora Futura. ,https://www.etsy.com/shop/PrintHouseLX,,,pin-casamento-pt-03.jpg
 — Presentes para Padrinhos,,Casamento Pt,,Despedida de Solteira Lisboa. ,https://www.etsy.com/shop/PrintHouseLX,,,pin-casamento-pt-04.jpg
 — Diz Sim com Estilo,,Casamento Pt,,Felizes Para Sempre. ,https://www.etsy.com/shop/PrintHouseLX,,,pin-casamento-pt-05.jpg
T-shirt Motivacional Portugal — Frases que Inspiram — Frases que Mudam o Teu Dia,,Frases Motivacionais Pt,,"Coragem é poder. T-shirts e posters com frases motivacionais em português. Designs minimalistas modernos para quem quer carregar uma mensagem positiva. Perfeito para presente, ginásio, escritório ou casa. Loja PrintHouseLX no Etsy.",https://www.etsy.com/shop/PrintHouseLX,,"frases motivacionais, t-shirt portugal, motivação, mindset, autoconfiança, presente, poster motivacional, tipografia, etsy",pin-frases-motivacionais-pt-01.jpg
T-shirt Motivacional Portugal — Frases que Inspiram — Motivação Diária no Estilo,,Frases Motivacionais Pt,,"Foco no essencial. T-shirts e posters com frases motivacionais em português. Designs minimalistas modernos para quem quer carregar uma mensagem positiva. Perfeito para presente, ginásio, escritório ou casa. Loja PrintHouseLX no Etsy.",https://www.etsy.com/shop/PrintHouseLX,,"frases motivacionais, t-shirt portugal, motivação, mindset, autoconfiança, presente, poster motivacional, tipografia, etsy",pin-frases-motivacionais-pt-02.jpg
T-shirt Motivacional Portugal — Frases que Inspiram — T-shirts com Atitude PT,,Frases Motivacionais Pt,,"Vence quem acredita. T-shirts e posters com frases motivacionais em português. Designs minimalistas modernos para quem quer carregar uma mensagem positiva. Perfeito para presente, ginásio, escritório ou casa. Loja PrintHouseLX no Etsy.",https://www.etsy.com/shop/PrintHouseLX,,"frases motivacionais, t-shirt portugal, motivação, mindset, autoconfiança, presente, poster motivacional, tipografia, etsy",pin-frases-motivacionais-pt-03.jpg
T-shirt Motivacional Portugal — Frases que Inspiram — Mindset Vencedor,,Frases Motivacionais Pt,,"O poder é teu. T-shirts e posters com frases motivacionais em português. Designs minimalistas modernos para quem quer carregar uma mensagem positiva. Perfeito para presente, ginásio, escritório ou casa. Loja PrintHouseLX no Etsy.",https://www.etsy.com/shop/PrintHouseLX,,"frases motivacionais, t-shirt portugal, motivação, mindset, autoconfiança, presente, poster motivacional, tipografia, etsy",pin-frases-motivacionais-pt-04.jpg
T-shirt Motivacional Portugal — Frases que Inspiram — Veste a Tua Energia,,Frases Motivacionais Pt,,"Mente sã, vida plena. T-shirts e posters com frases motivacionais em português. Designs minimalistas modernos para quem quer carregar uma mensagem positiva. Perfeito para presente, ginásio, escritório ou casa. Loja PrintHouseLX no Etsy.",https://www.etsy.com/shop/PrintHouseLX,,"frases motivacionais, t-shirt portugal, motivação, mindset, autoconfiança, presente, poster motivacional, tipografia, etsy",pin-frases-motivacionais-pt-05.jpg
T-shirt Humor Português — Memes Fixes — Humor Português 100%,,Memes Pt,,"Tás Bem? Fixe!. T-shirts e posters com humor 100% português. Para quem fala 'Tás Bem?' a sério. Presente perfeito para amigos, família, colegas. Designs modernos com expressões portuguesas autênticas. Loja PrintHouseLX no Etsy.",https://www.etsy.com/shop/PrintHouseLX,,"memes portugal, humor português, t-shirt engraçada, presente português, tugas, expressões portuguesas, etsy portugal",pin-memes-pt-01.jpg
T-shirt Humor Português — Memes Fixes — Memes que Todo Português Entende,,Memes Pt,,"Bora Lá, Pá!. T-shirts e posters com humor 100% português. Para quem fala 'Tás Bem?' a sério. Presente perfeito para amigos, família, colegas. Designs modernos com expressões portuguesas autênticas. Loja PrintHouseLX no Etsy.",https://www.etsy.com/shop/PrintHouseLX,,"memes portugal, humor português, t-shirt engraçada, presente português, tugas, expressões portuguesas, etsy portugal",pin-memes-pt-02.jpg
T-shirt Humor Português — Memes Fixes — Tugas Vão Adorar,,Memes Pt,,"Adiar é uma Arte. T-shirts e posters com humor 100% português. Para quem fala 'Tás Bem?' a sério. Presente perfeito para amigos, família, colegas. Designs modernos com expressões portuguesas autênticas. Loja PrintHouseLX no Etsy.",https://www.etsy.com/shop/PrintHouseLX,,"memes portugal, humor português, t-shirt engraçada, presente português, tugas, expressões portuguesas, etsy portugal",pin-memes-pt-03.jpg
T-shirt Humor Português — Memes Fixes — Presente Perfeito Para Amigos,,Memes Pt,,"Tás Bem, Ópá?. T-shirts e posters com humor 100% português. Para quem fala 'Tás Bem?' a sério. Presente perfeito para amigos, família, colegas. Designs modernos com expressões portuguesas autênticas. Loja PrintHouseLX no Etsy.",https://www.etsy.com/shop/PrintHouseLX,,"memes portugal, humor português, t-shirt engraçada, presente português, tugas, expressões portuguesas, etsy portugal",pin-memes-pt-04.jpg
T-shirt Humor Português — Memes Fixes — Tás Bem? Estás Fixe!,,Memes Pt,,"Adiar é uma Arte. T-shirts e posters com humor 100% português. Para quem fala 'Tás Bem?' a sério. Presente perfeito para amigos, família, colegas. Designs modernos com expressões portuguesas autênticas. Loja PrintHouseLX no Etsy.",https://www.etsy.com/shop/PrintHouseLX,,"memes portugal, humor português, t-shirt engraçada, presente português, tugas, expressões portuguesas, etsy portugal",pin-memes-pt-05.jpg
Camisas Portugal Mundial 2026 — Design Único — Camisas Portugal Mundial 2026,,Mundial Futebol Pt,,"Bora Cá, Portugal!. Mostra o teu orgulho português no Mundial 2026 com camisas e posters únicos. Designs originais com cores nacionais — verde e vermelho — perfeitos para adeptos. Disponíveis em vários tamanhos. Encontra na loja PrintHouseLX no Etsy. Ideal para presente para fãs de futebol.",https://www.etsy.com/shop/PrintHouseLX,,"mundial 2026, portugal, camisa portugal, futebol portugal, presente futebol, adepto portugal, lusitano, verde e vermelho, etsy portugal, t-shirt portugal",pin-mundial-futebol-pt-01.jpg
Camisas Portugal Mundial 2026 — Design Único — Mostra o Teu Orgulho Lusitano,,Mundial Futebol Pt,,"Coração Lusitano, Sempre!. Mostra o teu orgulho português no Mundial 2026 com camisas e posters únicos. Designs originais com cores nacionais — verde e vermelho — perfeitos para adeptos. Disponíveis em vários tamanhos. Encontra na loja PrintHouseLX no Etsy. Ideal para presente para fãs de futebol.",https://www.etsy.com/shop/PrintHouseLX,,"mundial 2026, portugal, camisa portugal, futebol portugal, presente futebol, adepto portugal, lusitano, verde e vermelho, etsy portugal, t-shirt portugal",pin-mundial-futebol-pt-02.jpg
Camisas Portugal Mundial 2026 — Design Único — Verde e Vermelho no Coração,,Mundial Futebol Pt,,Norte a Sul Unidos. Mostra o teu orgulho português no Mundial 2026 com camisas e posters únicos. Designs originais com cores nacionais — verde e vermelho — perfeitos para adeptos. Disponíveis em vários tamanhos. Encontra na loja PrintHouseLX no Etsy. Ideal para presente para fãs de futebol.,https://www.etsy.com/shop/PrintHouseLX,,"mundial 2026, portugal, camisa portugal, futebol portugal, presente futebol, adepto portugal, lusitano, verde e vermelho, etsy portugal, t-shirt portugal",pin-mundial-futebol-pt-03.jpg
Camisas Portugal Mundial 2026 — Design Único — Designs Únicos para Adeptos PT,,Mundial Futebol Pt,,Portugal no Coração. Mostra o teu orgulho português no Mundial 2026 com camisas e posters únicos. Designs originais com cores nacionais — verde e vermelho — perfeitos para adeptos. Disponíveis em vários tamanhos. Encontra na loja PrintHouseLX no Etsy. Ideal para presente para fãs de futebol.,https://www.etsy.com/shop/PrintHouseLX,,"mundial 2026, portugal, camisa portugal, futebol portugal, presente futebol, adepto portugal, lusitano, verde e vermelho, etsy portugal, t-shirt portugal",pin-mundial-futebol-pt-04.jpg
Camisas Portugal Mundial 2026 — Design Único — Veste Portugal no Mundial,,Mundial Futebol Pt,,Vamos com Tudo. Mostra o teu orgulho português no Mundial 2026 com camisas e posters únicos. Designs originais com cores nacionais — verde e vermelho — perfeitos para adeptos. Disponíveis em vários tamanhos. Encontra na loja PrintHouseLX no Etsy. Ideal para presente para fãs de futebol.,https://www.etsy.com/shop/PrintHouseLX,,"mundial 2026, portugal, camisa portugal, futebol portugal, presente futebol, adepto portugal, lusitano, verde e vermelho, etsy portugal, t-shirt portugal",pin-mundial-futebol-pt-05.jpg
T-shirt Pet — Para Tutores Apaixonados — Para Tutores que Amam o Pet,,Pets Engracados,,Gato: Rei do Sofá. Designs divertidos para mães e pais de pet. T-shirts e posters com humor cão e gato. Presente ideal para apaixonados por animais. Loja PrintHouseLX no Etsy.,https://www.etsy.com/shop/PrintHouseLX,,"pet, mãe de pet, cão, gato, presente pet, t-shirt animal, humor pet, tutor de pet, etsy",pin-pets-engracados-01.jpg
T-shirt Pet — Para Tutores Apaixonados — Humor Pet Tugas e Brasileiros,,Pets Engracados,,Cão: Mestre do Cochilo. Designs divertidos para mães e pais de pet. T-shirts e posters com humor cão e gato. Presente ideal para apaixonados por animais. Loja PrintHouseLX no Etsy.,https://www.etsy.com/shop/PrintHouseLX,,"pet, mãe de pet, cão, gato, presente pet, t-shirt animal, humor pet, tutor de pet, etsy",pin-pets-engracados-02.jpg
T-shirt Pet — Para Tutores Apaixonados — Presente para Pais de Pet,,Pets Engracados,,Miau-táculo no Sofá. Designs divertidos para mães e pais de pet. T-shirts e posters com humor cão e gato. Presente ideal para apaixonados por animais. Loja PrintHouseLX no Etsy.,https://www.etsy.com/shop/PrintHouseLX,,"pet, mãe de pet, cão, gato, presente pet, t-shirt animal, humor pet, tutor de pet, etsy",pin-pets-engracados-03.jpg
T-shirt Pet — Para Tutores Apaixonados — Cão & Gato em Estilo,,Pets Engracados,,Cão Zen no Lazy. Designs divertidos para mães e pais de pet. T-shirts e posters com humor cão e gato. Presente ideal para apaixonados por animais. Loja PrintHouseLX no Etsy.,https://www.etsy.com/shop/PrintHouseLX,,"pet, mãe de pet, cão, gato, presente pet, t-shirt animal, humor pet, tutor de pet, etsy",pin-pets-engracados-04.jpg
T-shirt Pet — Para Tutores Apaixonados — Confissões de Pet,,Pets Engracados,,Orgulho: Mãe de Pet. Designs divertidos para mães e pais de pet. T-shirts e posters com humor cão e gato. Presente ideal para apaixonados por animais. Loja PrintHouseLX no Etsy.,https://www.etsy.com/shop/PrintHouseLX,,"pet, mãe de pet, cão, gato, presente pet, t-shirt animal, humor pet, tutor de pet, etsy",pin-pets-engracados-05.jpg
 — Orgulho da Minha Profissao,,Profissoes Pt,,Enfermeiro com Garra. ,https://www.etsy.com/shop/PrintHouseLX,,,pin-profissoes-pt-01.jpg
 — Presente para Profissional,,Profissoes Pt,,Salvar Vidas Sempre. ,https://www.etsy.com/shop/PrintHouseLX,,,pin-profissoes-pt-02.jpg
Camiseta Programador BR — Humor Tech — Para Devs que Curtem Humor,,Programadores Br,,"Apache ou Nginx?. Camisetas com humor de programador e dev. Presente perfeito para devs, engenheiros, estudantes de TI. Design moderno e confortável. Loja PrintHouseLX no Etsy.",https://www.etsy.com/shop/PrintHouseLX,,"programador, dev, javascript, presente programador, camiseta tech, humor tech, t-shirt dev, ti, etsy brasil",pin-programadores-br-01.jpg
Camiseta Programador BR — Humor Tech — Camisetas de Programador BR,,Programadores Br,,"Cadê o ; ?. Camisetas com humor de programador e dev. Presente perfeito para devs, engenheiros, estudantes de TI. Design moderno e confortável. Loja PrintHouseLX no Etsy.",https://www.etsy.com/shop/PrintHouseLX,,"programador, dev, javascript, presente programador, camiseta tech, humor tech, t-shirt dev, ti, etsy brasil",pin-programadores-br-02.jpg
Camiseta Programador BR — Humor Tech — Stack Overflow Approved,,Programadores Br,,"Commit: 'deu ruim'. Camisetas com humor de programador e dev. Presente perfeito para devs, engenheiros, estudantes de TI. Design moderno e confortável. Loja PrintHouseLX no Etsy.",https://www.etsy.com/shop/PrintHouseLX,,"programador, dev, javascript, presente programador, camiseta tech, humor tech, t-shirt dev, ti, etsy brasil",pin-programadores-br-03.jpg
Camiseta Programador BR — Humor Tech — Presente Ideal para Dev,,Programadores Br,,"CSS não quer. Camisetas com humor de programador e dev. Presente perfeito para devs, engenheiros, estudantes de TI. Design moderno e confortável. Loja PrintHouseLX no Etsy.",https://www.etsy.com/shop/PrintHouseLX,,"programador, dev, javascript, presente programador, camiseta tech, humor tech, t-shirt dev, ti, etsy brasil",pin-programadores-br-04.jpg
Camiseta Programador BR — Humor Tech — Bug? Não. Feature.,,Programadores Br,,"Não sou a Wikipédia. Camisetas com humor de programador e dev. Presente perfeito para devs, engenheiros, estudantes de TI. Design moderno e confortável. Loja PrintHouseLX no Etsy.",https://www.etsy.com/shop/PrintHouseLX,,"programador, dev, javascript, presente programador, camiseta tech, humor tech, t-shirt dev, ti, etsy brasil",pin-programadores-br-05.jpg
